{
  "$schema": "https://aka.ms/azure-quickstart-templates-metadata-schema#",
  "type": "QuickStart",
  "itemDisplayName": "Create a web app on Azure with Python enabled",
  "description": "This template creates a web app on azure with Python enabled allowing you to run Python applications in Azure.  Template was authored by Donovan Brown of Microsoft.",
  "summary": "Create a web app on Azure with Python enabled.",
  "githubUsername": "leestott",
  "tags":{
    "subscriptiontype": "Azure4Student",
    "resource":"appServices, python, flask, django",
    "os": "linux",
    "level": "intermediate",
    "cost": "$0"
  },
  "dateUpdated": "2019-12-03"
}

